{"properties": [
  {
    "name": "server.port",
    "type": "java.lang.String",
    "description": "A description for 'server.port'"
  },
  {
    "name": "spring.h2.console.enabled",
    "type": "java.lang.String",
    "description": "A description for 'spring.h2.console.enabled'"
  },
  {
    "name": "spring.h2.console.path",
    "type": "java.lang.String",
    "description": "A description for 'spring.h2.console.path'"
  },
  {
    "name": "springdoc.api-docs.path",
    "type": "java.lang.String",
    "description": "A description for 'springdoc.api-docs.path'"
  },
  {
    "name": "springdoc.swagger-ui.path",
    "type": "java.lang.String",
    "description": "A description for 'springdoc.swagger-ui.path'"
  },
  {
    "name": "jwt.secret",
    "type": "java.lang.String",
    "description": "A description for 'jwt.secret'"
  },
  {
    "name": "jwt.expirationMs",
    "type": "java.lang.String",
    "description": "A description for 'jwt.expirationMs'"
  },
  {
    "name": "spring.cloud.config.uri",
    "type": "java.lang.String",
    "description": "A description for 'spring.cloud.config.uri'"
  },
  {
    "name": "spring.cloud.config.fail-fast",
    "type": "java.lang.String",
    "description": "A description for 'spring.cloud.config.fail-fast'"
  }
]}