{"properties": [
  {
    "name": "eureka.client.service-url.defaultZone",
    "type": "java.lang.String",
    "description": "A description for 'eureka.client.service-url.defaultZone'"
  },
  {
    "name": "springdoc.swagger-ui.path",
    "type": "java.lang.String",
    "description": "A description for 'springdoc.swagger-ui.path'"
  },
  {
    "name": "springdoc.api-docs.path",
    "type": "java.lang.String",
    "description": "A description for 'springdoc.api-docs.path'"
  },
  {
    "name": "spring.cloud.config.uri",
    "type": "java.lang.String",
    "description": "A description for 'spring.cloud.config.uri'"
  },
  {
    "name": "spring.cloud.config.fail-fast",
    "type": "java.lang.String",
    "description": "A description for 'spring.cloud.config.fail-fast'"
  }
]}